<?xml version="1.0" encoding="utf-8" ?>
<skin>
	<name>Default</name>
	<author>JKN</author>
	<FormBackgroundColor>43, 72, 140</FormBackgroundColor>
	<FormFrameColor>white</FormFrameColor>
	<FormFontColor>white</FormFontColor>
	<GridHeadingColor>navy</GridHeadingColor>
	<GridBackgroundColor>gray</GridBackgroundColor>
	<GridCaptionColor>steelblue</GridCaptionColor>
	<GridCaptionFontColor>black</GridCaptionFontColor>
	<GridFontColor>black</GridFontColor>
	<InputBackColor>white</InputBackColor>
	<InputFontColor>black</InputFontColor>
	<ActualRatingColor>red</ActualRatingColor>
	<PotentialRatingColor>blue</PotentialRatingColor>
	<RatingGridBackColor>white</RatingGridBackColor>
	<RatingGraphColor>green</RatingGraphColor>

	<graphics>
		<Default>default.png</Default>
		<Main>main.png</Main>
	</graphics>
	
</skin>