<?xml version="1.0"?>
<doc>
    <assembly>
        <name>NAnt.ZipTasks</name>
    </assembly>
    <members>
        <member name="T:NAnt.Zip.Tasks.UnZipTask">
            <summary>
            Extracts files from a zip file.
            </summary>
            <remarks>
              <para>Uses <see href="http://www.icsharpcode.net/OpenSource/SharpZipLib/">#ziplib</see> (SharpZipLib), an open source Zip/GZip library written entirely in C#.</para>
            </remarks>
            <example>
              <para>Extracts all the file from the zip, preserving the directory structure.</para>
              <code>
                <![CDATA[
            <unzip zipfile="backup.zip"/>
                ]]>
              </code>
            </example>
        </member>
        <member name="M:NAnt.Zip.Tasks.UnZipTask.ExecuteTask">
            <summary>
            Extracts the files from the zip file.
            </summary>
        </member>
        <member name="P:NAnt.Zip.Tasks.UnZipTask.ZipFileName">
            <summary>
            The zip file to use.
            </summary>
        </member>
        <member name="P:NAnt.Zip.Tasks.UnZipTask.ToDirectory">
            <summary>
            The directory where the expanded files should be stored.
            </summary>
        </member>
        <member name="T:NAnt.Zip.Tasks.ZipTask">
            <summary>
            Creates a zip file from a specified fileset.
            </summary>
            <remarks>
              <para>Uses <see href="http://www.icsharpcode.net/OpenSource/SharpZipLib/">#ziplib</see> (SharpZipLib), an open source Zip/GZip library written entirely in C#.</para>
            </remarks>
            <example>
              <para>Zip all files in the subdirectory <c>build</c> to <c>backup.zip</c>.</para>
              <code>
                <![CDATA[
            <zip zipfile="backup.zip">
                <fileset basedir="build">
                    <includes name="*.*"/>
                </fileset>
            </zip>
                ]]>
              </code>
            </example>
        </member>
        <member name="M:NAnt.Zip.Tasks.ZipTask.ExecuteTask">
            <summary>
            Creates the zip file.
            </summary>
        </member>
        <member name="P:NAnt.Zip.Tasks.ZipTask.ZipFileName">
            <summary>
            The zip file to create.
            </summary>
        </member>
        <member name="P:NAnt.Zip.Tasks.ZipTask.Comment">
            <summary>
            The comment for the file.
            </summary>
        </member>
        <member name="P:NAnt.Zip.Tasks.ZipTask.Stamp">
            <summary>
            An optional date/time stamp for the files.
            </summary>
        </member>
        <member name="P:NAnt.Zip.Tasks.ZipTask.ZipLevel">
            <summary>
            Desired level of compression (default is <c>6</c>).
            </summary>
            <value>0 - 9 (0 - STORE only, 1-9 DEFLATE (1-lowest, 9-highest))</value>
        </member>
        <member name="P:NAnt.Zip.Tasks.ZipTask.IncludeEmptyDirs">
            <summary>
            Include empty directories in the generated zip file. The default is
            <see langword="false" />.
            </summary>
        </member>
        <member name="P:NAnt.Zip.Tasks.ZipTask.ZipFileSet">
            <summary>
            The set of files to be included in the archive.
            </summary>
        </member>
    </members>
</doc>
