<?xml version="1.0"?>
<doc>
    <assembly>
        <name>NAnt</name>
    </assembly>
    <members>
        <member name="T:NAnt.Console.ConsoleStub">
            <summary>
            Stub used to created <see cref="T:System.AppDomain"/> and launch real <c>ConsoleDriver</c> 
            class in Core assembly.
            </summary>
        </member>
        <member name="M:NAnt.Console.ConsoleStub.Main(System.String[])">
            <summary>
            Entry point for executable
            </summary>
            <param name="args">Command Line arguments</param>
            <returns>The result of the real execution</returns>
        </member>
        <member name="T:NAnt.Console.ConsoleStub.HelperArguments">
            <summary>
            Helper class for invoking the application entry point in NAnt.Core
            and passing the command-line arguments.
            </summary>
        </member>
        <member name="M:NAnt.Console.ConsoleStub.HelperArguments.#ctor(System.String[])">
            <summary>
            Initializes a new instance of the <see cref="T:NAnt.Console.ConsoleStub.HelperArguments"/>
            class with the specified command-line arguments.
            </summary>
            <param name="args"></param>
        </member>
        <member name="M:NAnt.Console.ConsoleStub.HelperArguments.CallConsoleRunner">
            <summary>
            Invokes the application entry point in NAnt.Core.
            </summary>
        </member>
        <member name="P:NAnt.Console.ConsoleStub.HelperArguments.ExitCode">
            <summary>
            Gets the status that the build process returned when it exited.
            </summary>
            <value>
            The code that the build process specified when it terminated.
            </value>
        </member>
    </members>
</doc>
